year,month,sim_time,job_ID
1965,12,02:48:49,3141280
1966,1,02:40:10,3140570
1966,2,02:32:33,3140571
1966,3,02:44:37,3140572
1966,4,03:00:51,3140573
1966,5,03:27:46,3140574
1966,6,03:35:42,3140575
1966,7,05:10:22,3155626
1966,8,04:39:31,3155627
1966,9,03:18:41,3155628
1966,10,03:03:01,3155629
1966,11,02:40:40,3155630
1966,12,02:42:06,3155631
1999,1,02:33:13,3146277
1999,2,02:18:05,3146278
1999,3,02:51:39,3146279
1999,4,02:54:21,3146280
1999,5,03:14:13,3146281
1999,6,03:27:56,3146282
1999,7,04:06:17,3155648
1999,8,03:34:36,3155649
1999,9,03:13:14,3155650
1999,10,03:03:36,3155651
1999,11,02:42:52,3155652
1999,12,02:40:10,3155653
